{"cameraMode":{"drawMode":0,"name":"Shaded","section":"Shading Mode"},"sceneLighting":true,"audioPlay":false,"sceneViewState":{"showFog":true,"showMaterialUpdate":true,"showSkybox":true,"showFlares":true,"showImageEffects":true,"showParticleSystems":true},"in2DMode":false,"pivot":{"x":0.20794439315795899,"y":0.2616748809814453,"z":-0.42297887802124026},"rotation":{"x":-0.10195624083280564,"y":0.8937795162200928,"z":-0.2592466473579407,"w":-0.3515048623085022},"size":12.763468742370606,"orthographic":false}